{"cameraMode":{"drawMode":0,"name":"Shaded","section":"Shading Mode"},"sceneLighting":false,"audioPlay":false,"sceneViewState":{"m_AlwaysRefresh":false,"showFog":true,"showSkybox":false,"showFlares":true,"showImageEffects":true,"showParticleSystems":true,"showVisualEffectGraphs":true,"m_FxEnabled":true},"in2DMode":false,"pivot":{"x":2.750000238418579,"y":3.4100003242492677,"z":-4.159999847412109},"rotation":{"x":0.32202449440956118,"y":-0.01278034970164299,"z":0.004347594920545816,"w":0.9466350674629211},"size":9.314388275146485,"orthographic":false}